{
  "project_info": {
    "project_number": "1093904926616",
    "firebase_url": "https://chatwithme-8c402.firebaseio.com",
    "project_id": "chatwithme-8c402",
    "storage_bucket": "chatwithme-8c402.appspot.com"
  },
  "client": [
    {
      "client_info": {
        "mobilesdk_app_id": "1:1093904926616:android:d1d6ecdd200bd5c935cded",
        "android_client_info": {
          "package_name": "com.example.chat_with_me"
        }
      },
      "oauth_client": [
        {
          "client_id": "1093904926616-n2oadk8db9hppfdgh5sevoht811tf14r.apps.googleusercontent.com",
          "client_type": 1,
          "android_info": {
            "package_name": "com.example.chat_with_me",
            "certificate_hash": "787749d3d6b2eb7430ceb9d8b130571b2ad5a227"
          }
        },
        {
          "client_id": "1093904926616-hrp4kma79tvequopp6vgl00t6kffofc5.apps.googleusercontent.com",
          "client_type": 3
        }
      ],
      "api_key": [
        {
          "current_key": "AIzaSyClUhtmophXJlMVA-5F_T5kE7ZyU3uLrmI"
        }
      ],
      "services": {
        "appinvite_service": {
          "other_platform_oauth_client": [
            {
              "client_id": "1093904926616-hrp4kma79tvequopp6vgl00t6kffofc5.apps.googleusercontent.com",
              "client_type": 3
            }
          ]
        }
      }
    }
  ],
  "configuration_version": "1"
}